<?xml version="1.0" encoding="UTF-8"?>
<!DOCTYPE struts PUBLIC
        "-//Apache Software Foundation//DTD Struts Configuration 2.5//EN"
        "http://struts.apache.org/dtds/struts-2.5.dtd">
<struts>
	<constant name="struts.i18n.encoding" value="UTF-8" />
	<constant name="struts.multipart.maxSize" value="314572800" />
	<constant name="struts.devMode" value="true" />
	<!-- 林鹏飞-5-17 -->
	<package name="default" extends="struts-default">
		<interceptors>
			<interceptor name="stuLoginCheckInterceptor"
				class="com.se.interceptor.StudentBeenLoginInterceptor" />
			<interceptor name="teaLoginCheckInterceptor"
				class="com.se.interceptor.TeacherBeenLoginInterceptor" />
			<interceptor name="loginCheckInterceptor"
				class="com.se.interceptor.BeenLoginInterceptor" />
		</interceptors>
		<global-results>
			<result name="NOLOGIN" type="dispatcher">/login.jsp</result>
		</global-results>
	</package>
	<package name="user" extends="struts-default">
		<interceptors>
			<interceptor name="loginInterceptor"
				class="com.se.interceptor.LoginInterceptor" />
		</interceptors>
		<action name="*User" class="com.se.action.UserAction"
			method="{1}">
			<interceptor-ref name="loginInterceptor" />
			<interceptor-ref name="defaultStack" />
			<result name="StudentLoginSuccess" type="dispatcher">/student/StudentIndex.jsp
			</result>
			<result name="TeacherLoginSuccess" type="dispatcher">/teacher/TeacherIndex.jsp
			</result>
			<result name="LogoutSuccess">/login.jsp</result>
			<result name="fail">/login.jsp</result>
			<allowed-methods>login,logout,index</allowed-methods>
		</action>
	</package>
	<package name="teacher" namespace="/teacher" extends="default">
		<action name="teacher_*" class="com.se.action.TeacherAction"
			method="{1}">
			<interceptor-ref name="teaLoginCheckInterceptor" />
			<interceptor-ref name="defaultStack" />
			<result name="listMyHomeworks">/test/teacherhomework.jsp</result>
			<result name="listMyHomeworkAnswers">/test/teacherhomeworkAnswers.jsp</result>
			<result name="listMyStudents">/teacher/teacher_manageStudents.jsp</result>
			<result name="searchMyStudents">/teacher/teacher_manageStudents.jsp</result>
			<result name="getMyRoster" type="redirectAction">
				<param name="actionName">downloadFile</param>
				<param name="namespace">/file</param>
				<param name="filename">${filename}</param>
				<param name="packageId">${id}</param>
			</result>
			<result name="listMyOperationLogs">/teacher/teacher_showMyLogs.jsp</result>
			<allowed-methods>listMyOperationLogs,listMyHomeworkAnswers,listMyHomeworks,getMyRoster,listMyStudents,searchMyStudents</allowed-methods>
		</action>
	</package>
	<package name="student" extends="default">
		<interceptors>
			<interceptor name="updateStudentInterceptor"
				class="com.se.interceptor.UpdateStudentInterceptor" />
		</interceptors>
		<action name="*Student" class="com.se.action.StudentAction"
			method="{1}">
			<result name="success">/student/listStudent.jsp</result>
			<result name="listMyHomeworks">/student/stu_homework.jsp</result>
			<result name="listMyOperationLogs">/student/stu_showMyLogs.jsp</result>
			<result name="updateSuccess">/test/studentUpdate.jsp</result>
			<result name="deleteSuccess" type="redirectAction">/teacher/teacher_listMyStudents
			</result>
			<result name="addSuccess" type="redirectAction">/teacher/teacher_listMyStudents
			</result>
			<allowed-methods>listMyHomeworks,update,listMyOperationLogs,add,delete</allowed-methods>
		</action>
	</package>
	<!-- 林鹏飞-5-17 -->
	<package name="file" extends="default">
		<action name="*File" class="com.se.action.FileAction"
			method="{1}">
			<interceptor-ref name="loginCheckInterceptor" />
			<interceptor-ref name="defaultStack" />
			<result name="downloadSuccess" type="stream">
				<param name="contentDisposition">attatchment;filename=${filename}</param>
			</result>
			<result name="uploadSuccess" type="redirect">/teacher/teacher_download.jsp
			</result>
			<result name="deleteSuccess" type="redirect">/teacher/teacher_download.jsp
			</result>
			<result name="deleteFail" type="redirect">/teacher/teacher_download.jsp
			</result>
			<allowed-methods>download,upload</allowed-methods>
		</action>
	</package>
	<!-- 林鹏飞-5-18 -->
	<package name="homework" extends="default">
		<action name="*Homework" class="com.se.action.HomeworkAction"
			method="{1}">
			<!-- <interceptor-ref name="teaLoginCheckInterceptor" /> -->
			<interceptor-ref name="defaultStack" />
			<result name="addSuccess" type="redirectAction">/teacher/teacher_listMyHomeworks
			</result>
			<result name="addFail" type="dispatcher">/teacher/teacher_homeworkEditor.jsp
			</result>
			<result name="deleteSuccess" type="redirectAction">/teacher/teacher_listMyHomeworks
			</result>
			<result name="getDetailSuccess" type="dispatcher">/student/stu_ .jsp
			</result>
			<allowed-methods>add,delete,getDetail</allowed-methods>
		</action>
	</package>
	<package name="homeworkAnswer" extends="default">
		<action name="*HomeworkAnswer"
			class="com.se.action.HomeworkAnswerAction" method="{1}">
			<interceptor-ref name="loginCheckInterceptor" />
			<interceptor-ref name="defaultStack" />
			<result name="addSuccess">/test/studenthomework.jsp</result>
			<result name="getDetailSuccess">/student/stu_homeworkEditor.jsp</result>
			<result name="submitSuccess">/test/studentAnswerHomework.jsp</result>
			<result name="scoreSuccess" type="redirectAction">
				<param name="namespace">/teacher</param>
				<param name="actionName">teacher_listMyHomeworkAnswers</param>
				<param name="homeworkId">${homeworkId}</param>
			</result>
			<allowed-methods>submit,add,getDetail,score</allowed-methods>
		</action>
	</package>
	<!-- uploadCommonFile -->
	<package name="commonFile" extends="default">
		<action name="TcommonFile_*"
			class="com.se.action.CommonFileAction" method="{1}">
			<interceptor-ref name="teaLoginCheckInterceptor" />
			<interceptor-ref name="defaultStack" />
			<result name="uploadCommonFile">/teacher/teacher_uploadCommonFile.jsp</result>
			<result name="deleteCommonFile" type="redirectAction">
				<param name="actionName">commonFile_list</param>
				<param name="namespace">/commonFile</param>
				<param name="fileId">${fileId}</param>
				<param name="fileType">${fileType}</param>
			</result>
			<allowed-methods>upload,delete</allowed-methods>
		</action>
		<action name="commonFile_*"
			class="com.se.action.CommonFileAction" method="{1}">
			<interceptor-ref name="loginCheckInterceptor" />
			<interceptor-ref name="defaultStack" />
			<result name="listTeacherCommonFiles">/teacher/teacher_manageResource.jsp</result>
			<result name="listStudentCommonFiles">/student/stu_re_slide.jsp</result>
			<result name="downloadCommonFile" type="redirectAction">
				<param name="actionName">downloadFile</param>
				<param name="namespace">/file</param>
				<param name="filename">${downloadFile}</param>
				<param name="packageId">0</param>
			</result>
			<allowed-methods>download,list</allowed-methods>
		</action>
	</package>
	
	<!-- ************ lw ************ -->
	
	<package name="exp" namespace="/exp" extends="default">		
		<action name="*Exp" class="com.se.action.ExpAction" method="{1}">
			<!-- 不同角色 不同视图 -->
			<!-- 获取单个实验信息 -->
			<result name="getStudentExp">/student/stu_experienceEditor.jsp</result>
			<result name="getTeacherExp">/teacher/teacher_experienceEditor.jsp</result>
			<!-- 获取某教师发布的所有实验信息 -->
			<result name="listStudentExps">/student/stu_experience.jsp</result>
			<result name="listTeacherExps">/teacher/teacher_experience.jsp</result>
			<!-- 下载实验信息 -->
			<result type="chain" name="downloadFile">
				<param name="actionName">downloadFile</param>
				<param name="packageId">${packageId}</param>
			</result>
			<!-- 更新返回 -->
			<result type="redirectAction" name="updateCompletion">
				<param name="actionName">getExp</param>
				<param name="result">${result}</param>
				<param name="exp.expId">${exp.expId}</param>
			</result>
			<result name="uploadCompletion">/teacher/teacher_experienceEditor.jsp</result>
			<result type="redirectAction" name="deleteCompletion">
				<param name="actionName">listExp</param>
				<param name="result">${result}</param>
			</result>
			<result name="ExpError">/login.jsp</result>
			<allowed-methods>list, get, update, upload, download, delete</allowed-methods>
		</action>	
	</package>
	
	<!-- 实验报告 -->
	<package name="expdoc" namespace="/expdoc" extends="default">
		<action name="*ExpDoc" class="com.se.action.ExpDocAction" method="{1}">
			<!-- 上传返回 -->
			<result type="redirectAction" name="uploadCompletion">
				<param name="actionName">listExp</param>
				<param name="namespace">/exp</param>
				<param name="result">${result}</param>
			</result>
			<!-- 某学生的所有实验报告信息 -->
			<result name="listStuExpDocs">
				/test/myExpDoc.jsp
			</result>
			<!-- 删除某个实验报告 -->
			<result type="redirectAction" name="deleteCompletion">
				<param name="actionName">listStusExpDoc</param>
				<param name="namespace">/expdoc</param>
				<param name="result">${result}</param>
			</result>
			<!-- 更新某个报告 -->
			<result type="redirectAction" name="updateCompletion">
				<param name="actionName">listStusExpDoc</param>
				<param name="namespace">/expdoc</param>
				<param name="result">${result}</param>
			</result>
			<!-- 某个实验下的所有实验 -->
			<result name="listExpsExpDocs">
				/test/expsExpDoc.jsp
			</result>
			<!-- 打分 -->
			<result type="redirectAction" name="markCompletion">
				<param name="actionName">listExpsExpDoc</param>
				<param name="namespace">/expdoc</param>
				<param name="expDoc.exp.expId">${expDoc.exp.expId}</param>
			</result>
			<!-- 允许访问的方法 -->
			<allowed-methods>upload, listStus, delete, update, listExps, mark</allowed-methods>
		</action>
	</package>
	
	<!-- ************ lw ************ -->
	
</struts>